{
  "l4l": {
    "current": {
      "main": [
        1,
        12,
        30,
        39,
        46
      ],
      "bonus": 11
    },
    "jan12": {
      "main": [
        1,
        12,
        30,
        39,
        47
      ],
      "bonus": 11
    },
    "optimal": {
      "main": [
        1,
        12,
        30,
        39,
        46
      ],
      "bonus": 11
    },
    "current_2plus_rate": 0.09829867674858223,
    "jan12_2plus_rate": 0.0945179584120983,
    "optimal_2plus_rate": 0.09829867674858223
  },
  "la": {
    "current": {
      "main": [
        1,
        15,
        23,
        42,
        51
      ],
      "bonus": 1
    },
    "jan12": {
      "main": [
        2,
        15,
        27,
        42,
        51
      ],
      "bonus": 4
    },
    "optimal": {
      "main": [
        1,
        15,
        23,
        41,
        51
      ],
      "bonus": 4
    },
    "current_2plus_rate": 0.09907834101382489,
    "jan12_2plus_rate": 0.0944700460829493,
    "optimal_2plus_rate": 0.0967741935483871
  },
  "pb": {
    "current": {
      "main": [
        1,
        11,
        27,
        53,
        68
      ],
      "bonus": 20
    },
    "jan12": {
      "main": [
        5,
        11,
        33,
        52,
        64
      ],
      "bonus": 20
    },
    "optimal": {
      "main": [
        1,
        11,
        27,
        53,
        68
      ],
      "bonus": 20
    },
    "current_2plus_rate": 0.06221198156682028,
    "jan12_2plus_rate": 0.052995391705069124,
    "optimal_2plus_rate": 0.06221198156682028
  },
  "mm": {
    "current": {
      "main": [
        2,
        18,
        27,
        42,
        59
      ],
      "bonus": 1
    },
    "jan12": {
      "main": [
        7,
        10,
        27,
        42,
        68
      ],
      "bonus": 24
    },
    "optimal": {
      "main": [
        2,
        18,
        27,
        42,
        59
      ],
      "bonus": 1
    },
    "current_2plus_rate": 0.12048192771084337,
    "jan12_2plus_rate": 0.07228915662650602,
    "optimal_2plus_rate": 0.12048192771084337
  }
}