{
  "timestamp": "2026-01-22T19:28:30.367682",
  "run_count": 1,
  "eventual_jackpot_tickets": {
    "l4l": {
      "main": [
        3,
        17,
        30,
        32,
        44
      ],
      "bonus": 18,
      "score": 1403.11606805293
    },
    "la": {
      "main": [
        8,
        11,
        36,
        47,
        51
      ],
      "bonus": 3,
      "score": 374.96866359447006
    },
    "pb": {
      "main": [
        4,
        33,
        35,
        52,
        64
      ],
      "bonus": 25,
      "score": 242.99539170506912
    },
    "mm": {
      "main": [
        2,
        22,
        27,
        42,
        63
      ],
      "bonus": 18,
      "score": 140.36144578313252
    }
  }
}