{
  "l4l": {
    "main": [
      1,
      12,
      30,
      39,
      46
    ],
    "bonus": 11,
    "window": "All-Time",
    "rate": 9.829867674858223
  },
  "la": {
    "main": [
      1,
      15,
      23,
      42,
      51
    ],
    "bonus": 4,
    "window": "All-Time",
    "rate": 9.90783410138249
  },
  "pb": {
    "main": [
      1,
      11,
      27,
      53,
      69
    ],
    "bonus": 20,
    "window": "All-Time",
    "rate": 6.221198156682028
  },
  "mm": {
    "main": [
      2,
      18,
      27,
      42,
      59
    ],
    "bonus": 1,
    "window": "Window ALL",
    "rate": 12.048192771084338
  }
}